-- =========================================================
-- Script de datos de prueba - Sistema de Cobranza
-- Módulos: deudas, operadores, tickets, gestiones
-- Total: 50 deudas, 8 operadores, 50 tickets, ~90 gestiones
-- =========================================================

BEGIN;

-- ---------------------------------------------------------
-- OPERADORES
-- ---------------------------------------------------------
INSERT INTO public.operadores (nombre, disponible, carga_actual) VALUES
('Mariana Torres Quispe', true, 0),
('Jorge Fernández Salazar', true, 1),
('Lucía Ramírez Vega', true, 5),
('Carlos Medina Huamán', false, 5),
('Andrea Castillo Rojas', true, 0),
('Diego Paredes León', true, 0),
('Valeria Sánchez Ríos', false, 1),
('Fernando Aguilar Cruz', true, 4);

-- ---------------------------------------------------------
-- DEUDAS (50 registros, código de cliente formato CLI-YYYY-###)
-- ---------------------------------------------------------
INSERT INTO public.deudas (cliente, monto, fecha_vencimiento, estado, descripcion, calificacion_crediticia, tasa_interes_corriente, tasa_interes_moratorio, tipo_cobranza) VALUES
('CLI-2025-001 | Corporación Andina de Textiles S.A.C.', 2021.56, '2025-05-05', 'mora', 'Factura comercial N° F1001 - Línea de crédito corporativo', 'alta', 0.00081, 0.00133, 'intensiva'),
('CLI-2025-002 | Distribuidora Norte Perú S.R.L.', 39229.61, '2025-05-02', 'mora', 'Factura comercial N° F1002 - Línea de crédito corporativo', 'media', 0.00061, 0.00215, 'intensiva'),
('CLI-2025-003 | Grupo Ferretero Lima S.A.', 15710.65, '2025-05-22', 'mora', 'Factura comercial N° F1003 - Línea de crédito corporativo', 'media', 0.00092, 0.00197, 'intensiva'),
('CLI-2025-004 | Comercial San Isidro E.I.R.L.', 33067.66, '2025-06-27', 'mora', 'Factura comercial N° F1004 - Línea de crédito corporativo', 'baja', 0.00071, 0.00175, 'preventiva'),
('CLI-2025-005 | Transportes Rápidos del Sur S.A.C.', 39942.69, '2025-03-13', 'mora', 'Factura comercial N° F1005 - Línea de crédito corporativo', 'alta', 0.00053, 0.00127, 'judicial'),
('CLI-2025-006 | Industrias Metálicas Callao S.A.', 13626.48, '2025-06-01', 'mora', 'Factura comercial N° F1006 - Línea de crédito corporativo', 'media', 0.00082, 0.002, 'intensiva'),
('CLI-2025-007 | Almacenes Generales Miraflores S.A.C.', 8031.18, '2025-02-22', 'mora', 'Factura comercial N° F1007 - Línea de crédito corporativo', 'baja', 0.00095, 0.00173, 'judicial'),
('CLI-2025-008 | Constructora Los Andes S.A.', 8405.77, '2025-06-05', 'mora', 'Factura comercial N° F1008 - Línea de crédito corporativo', 'media', 0.00119, 0.00177, 'intensiva'),
('CLI-2025-009 | Agroexportadora Chincha S.A.C.', 25439.33, '2025-06-18', 'mora', 'Factura comercial N° F1009 - Línea de crédito corporativo', 'alta', 0.00106, 0.00148, 'preventiva'),
('CLI-2025-010 | Farmacéutica del Pacífico S.A.', 3772.23, '2025-03-08', 'mora', 'Factura comercial N° F1010 - Línea de crédito corporativo', 'media', 0.00078, 0.0021, 'judicial'),
('CLI-2025-011 | Panificadora San José S.R.L.', 21108.31, '2025-02-27', 'mora', 'Factura comercial N° F1011 - Línea de crédito corporativo', 'baja', 0.00088, 0.0019, 'judicial'),
('CLI-2025-012 | Servicios Logísticos Trujillo S.A.C.', 19765.35, '2025-06-24', 'mora', 'Factura comercial N° F1012 - Línea de crédito corporativo', 'alta', 0.00086, 0.00111, 'preventiva'),
('CLI-2025-013 | Textiles Arequipa Export S.A.', 2930.19, '2025-03-22', 'mora', 'Factura comercial N° F1013 - Línea de crédito corporativo', 'media', 0.00092, 0.00146, 'judicial'),
('CLI-2025-014 | Comercializadora Piura S.A.C.', 27158.47, '2025-02-26', 'mora', 'Factura comercial N° F1014 - Línea de crédito corporativo', 'alta', 0.00098, 0.00114, 'judicial'),
('CLI-2025-015 | Grupo Automotriz Surco S.A.', 39913.41, '2025-07-14', 'vigente', 'Factura comercial N° F1015 - Línea de crédito corporativo', 'media', 0.0008, 0.00154, 'preventiva'),
('CLI-2025-016 | Inversiones Villa El Salvador S.A.C.', 42960.97, '2025-03-17', 'mora', 'Factura comercial N° F1016 - Línea de crédito corporativo', 'alta', 0.00111, 0.00136, 'judicial'),
('CLI-2025-017 | Confecciones Gamarra S.R.L.', 29059.62, '2025-06-03', 'mora', 'Factura comercial N° F1017 - Línea de crédito corporativo', 'alta', 0.00088, 0.00193, 'intensiva'),
('CLI-2025-018 | Distribuidora Huancayo S.A.C.', 24265.11, '2025-05-08', 'mora', 'Factura comercial N° F1018 - Línea de crédito corporativo', 'alta', 0.00058, 0.00144, 'intensiva'),
('CLI-2025-019 | Restaurantes Costa Verde S.A.', 44351.94, '2025-07-12', 'vigente', 'Factura comercial N° F1019 - Línea de crédito corporativo', 'baja', 0.00116, 0.0011, 'preventiva'),
('CLI-2025-020 | Tecnología y Sistemas Perú S.A.C.', 22306.48, '2025-07-27', 'vigente', 'Factura comercial N° F1020 - Línea de crédito corporativo', 'baja', 0.00083, 0.00166, 'preventiva'),
('CLI-2025-021 | Minera Cerro Azul S.A.', 12552.25, '2025-03-08', 'mora', 'Factura comercial N° F1021 - Línea de crédito corporativo', 'baja', 0.00098, 0.00186, 'judicial'),
('CLI-2025-022 | Editorial Lima Norte S.A.C.', 18465.51, '2025-05-05', 'mora', 'Factura comercial N° F1022 - Línea de crédito corporativo', 'baja', 0.00082, 0.0013, 'intensiva'),
('CLI-2025-023 | Cementos San Martín S.A.', 3676.74, '2025-03-04', 'mora', 'Factura comercial N° F1023 - Línea de crédito corporativo', 'alta', 0.00051, 0.00185, 'judicial'),
('CLI-2025-024 | Cadena de Boticas Salud Total S.A.C.', 3449.28, '2025-07-27', 'vigente', 'Factura comercial N° F1024 - Línea de crédito corporativo', 'baja', 0.00067, 0.0018, 'preventiva'),
('CLI-2025-025 | Agencia de Viajes Costa Sol S.R.L.', 10308.56, '2025-07-23', 'vigente', 'Factura comercial N° F1025 - Línea de crédito corporativo', 'media', 0.00107, 0.00123, 'preventiva'),
('CLI-2025-026 | Estudio Contable Rivera & Asociados S.A.C.', 5129.5, '2025-05-24', 'mora', 'Factura comercial N° F1026 - Línea de crédito corporativo', 'media', 0.0011, 0.00107, 'intensiva'),
('CLI-2025-027 | Ferretería Industrial San Juan S.A.C.', 29700.06, '2025-06-09', 'mora', 'Factura comercial N° F1027 - Línea de crédito corporativo', 'baja', 0.00074, 0.00203, 'intensiva'),
('CLI-2025-028 | Grupo Inmobiliario Monterrico S.A.', 11828.18, '2025-07-19', 'vigente', 'Factura comercial N° F1028 - Línea de crédito corporativo', 'media', 0.00063, 0.00156, 'preventiva'),
('CLI-2025-029 | Distribuciones Amazónicas S.A.C.', 39458.55, '2025-07-27', 'vigente', 'Factura comercial N° F1029 - Línea de crédito corporativo', 'baja', 0.0012, 0.002, 'preventiva'),
('CLI-2025-030 | Laboratorios Bioandino S.A.', 43631.18, '2025-06-05', 'mora', 'Factura comercial N° F1030 - Línea de crédito corporativo', 'media', 0.00065, 0.00148, 'intensiva'),
('CLI-2025-031 | Comercial Importadora Chiclayo S.A.C.', 3438.75, '2025-06-15', 'mora', 'Factura comercial N° F1031 - Línea de crédito corporativo', 'media', 0.0007, 0.00184, 'intensiva'),
('CLI-2025-032 | Servicios Eléctricos del Norte S.A.', 33101.81, '2025-06-26', 'mora', 'Factura comercial N° F1032 - Línea de crédito corporativo', 'alta', 0.00071, 0.00216, 'preventiva'),
('CLI-2025-033 | Panadería y Pastelería Delicia S.R.L.', 26420.81, '2025-06-27', 'mora', 'Factura comercial N° F1033 - Línea de crédito corporativo', 'alta', 0.00091, 0.0016, 'preventiva'),
('CLI-2025-034 | Grupo Textil Los Olivos S.A.C.', 38497.58, '2025-07-21', 'vigente', 'Factura comercial N° F1034 - Línea de crédito corporativo', 'alta', 0.00055, 0.00108, 'preventiva'),
('CLI-2025-035 | Corporación Pesquera del Pacífico S.A.', 38899.32, '2025-02-27', 'mora', 'Factura comercial N° F1035 - Línea de crédito corporativo', 'baja', 0.00053, 0.0011, 'judicial'),
('CLI-2025-036 | Transportes Interprovinciales Ica S.A.C.', 29873.03, '2025-05-13', 'mora', 'Factura comercial N° F1036 - Línea de crédito corporativo', 'alta', 0.00097, 0.00138, 'intensiva'),
('CLI-2025-037 | Distribuidora de Bebidas Cusco S.A.', 12576.88, '2025-05-04', 'mora', 'Factura comercial N° F1037 - Línea de crédito corporativo', 'media', 0.00115, 0.00212, 'intensiva'),
('CLI-2025-038 | Almacenera Central del Callao S.A.C.', 1261.28, '2025-06-22', 'mora', 'Factura comercial N° F1038 - Línea de crédito corporativo', 'baja', 0.00065, 0.00132, 'preventiva'),
('CLI-2025-039 | Repuestos y Autopartes Lima S.A.', 42053.4, '2025-05-31', 'mora', 'Factura comercial N° F1039 - Línea de crédito corporativo', 'alta', 0.00081, 0.00165, 'intensiva'),
('CLI-2025-040 | Constructora Vial del Sur S.A.C.', 14206.13, '2025-04-29', 'mora', 'Factura comercial N° F1040 - Línea de crédito corporativo', 'baja', 0.00071, 0.0018, 'judicial'),
('CLI-2025-041 | Comercial Agropecuaria Junín S.A.', 42303.76, '2025-07-23', 'vigente', 'Factura comercial N° F1041 - Línea de crédito corporativo', 'baja', 0.00089, 0.00133, 'preventiva'),
('CLI-2025-042 | Grupo Hotelero Costa Azul S.A.C.', 27553.24, '2025-02-23', 'mora', 'Factura comercial N° F1042 - Línea de crédito corporativo', 'media', 0.00068, 0.00209, 'judicial'),
('CLI-2025-043 | Distribuidora Farmacéutica Andina S.A.', 3092.77, '2025-06-21', 'mora', 'Factura comercial N° F1043 - Línea de crédito corporativo', 'alta', 0.00073, 0.00116, 'preventiva'),
('CLI-2025-044 | Manufacturas del Perú S.A.C.', 44108.08, '2025-01-12', 'mora', 'Factura comercial N° F1044 - Línea de crédito corporativo', 'alta', 0.00058, 0.00213, 'judicial'),
('CLI-2025-045 | Consorcio Minero Yauli S.A.', 31358.52, '2025-05-12', 'mora', 'Factura comercial N° F1045 - Línea de crédito corporativo', 'baja', 0.00089, 0.00152, 'intensiva'),
('CLI-2025-046 | Servicios de Limpieza Industrial S.A.C.', 2696.74, '2025-07-08', 'vigente', 'Factura comercial N° F1046 - Línea de crédito corporativo', 'baja', 0.00067, 0.00112, 'preventiva'),
('CLI-2025-047 | Comercializadora de Insumos Médicos S.A.', 35292.13, '2025-07-05', 'vigente', 'Factura comercial N° F1047 - Línea de crédito corporativo', 'alta', 0.00118, 0.00197, 'preventiva'),
('CLI-2025-048 | Grupo Editorial Andino S.A.C.', 39764.53, '2025-06-04', 'mora', 'Factura comercial N° F1048 - Línea de crédito corporativo', 'baja', 0.0011, 0.00197, 'intensiva'),
('CLI-2025-049 | Distribuidora de Electrodomésticos Sur S.A.', 12629.47, '2025-06-17', 'mora', 'Factura comercial N° F1049 - Línea de crédito corporativo', 'media', 0.00066, 0.00198, 'preventiva'),
('CLI-2025-050 | Corporación Vitivinícola Ica S.A.C.', 21172.39, '2025-07-12', 'vigente', 'Factura comercial N° F1050 - Línea de crédito corporativo', 'baja', 0.00064, 0.00139, 'preventiva');

-- ---------------------------------------------------------
-- TICKETS (uno por cada deuda, asignados a operadores 1-8)
-- ---------------------------------------------------------
INSERT INTO public.tickets (deuda_id, operador_id, prioridad, estado, fecha_creacion) VALUES
(1, 2, 'media', 'cerrado', '2025-03-17 13:41:00'),
(2, 7, 'media', 'cerrado', '2025-05-22 13:01:00'),
(3, 2, 'media', 'cerrado', '2025-03-12 10:37:00'),
(4, 5, 'baja', 'abierto', '2025-06-06 14:22:00'),
(5, 6, 'alta', 'abierto', '2025-05-15 09:24:00'),
(6, 4, 'media', 'abierto', '2025-04-26 08:33:00'),
(7, 4, 'alta', 'abierto', '2025-01-22 18:58:00'),
(8, 6, 'media', 'cerrado', '2025-06-23 09:46:00'),
(9, 5, 'baja', 'abierto', '2025-06-24 14:20:00'),
(10, 7, 'alta', 'cerrado', '2025-05-26 10:12:00'),
(11, 7, 'alta', 'cerrado', '2025-04-12 18:47:00'),
(12, 3, 'baja', 'cerrado', '2025-03-23 14:35:00'),
(13, 1, 'alta', 'abierto', '2025-02-27 14:50:00'),
(14, 6, 'alta', 'abierto', '2025-04-28 18:13:00'),
(15, 8, 'baja', 'cerrado', '2025-02-17 18:05:00'),
(16, 5, 'alta', 'abierto', '2025-06-16 17:21:00'),
(17, 2, 'media', 'cerrado', '2025-03-06 18:19:00'),
(18, 4, 'media', 'cerrado', '2025-02-11 08:02:00'),
(19, 4, 'baja', 'cerrado', '2025-06-10 09:29:00'),
(20, 7, 'baja', 'cerrado', '2025-06-01 11:45:00'),
(21, 7, 'alta', 'abierto', '2025-03-08 10:41:00'),
(22, 1, 'media', 'cerrado', '2025-02-01 14:14:00'),
(23, 3, 'alta', 'cerrado', '2025-05-17 15:03:00'),
(24, 4, 'baja', 'cerrado', '2025-02-05 15:08:00'),
(25, 8, 'baja', 'cerrado', '2025-05-28 17:20:00'),
(26, 8, 'media', 'cerrado', '2025-05-14 14:53:00'),
(27, 8, 'media', 'cerrado', '2025-05-06 15:16:00'),
(28, 4, 'baja', 'cerrado', '2025-03-16 16:31:00'),
(29, 4, 'baja', 'abierto', '2025-01-24 12:15:00'),
(30, 5, 'media', 'abierto', '2025-05-23 09:08:00'),
(31, 3, 'media', 'abierto', '2025-02-13 11:04:00'),
(32, 7, 'baja', 'abierto', '2025-05-23 15:26:00'),
(33, 1, 'baja', 'abierto', '2025-04-22 14:57:00'),
(34, 1, 'baja', 'cerrado', '2025-06-01 14:30:00'),
(35, 1, 'alta', 'cerrado', '2025-03-22 14:54:00'),
(36, 7, 'media', 'abierto', '2025-05-24 17:57:00'),
(37, 4, 'media', 'abierto', '2025-03-15 14:31:00'),
(38, 1, 'baja', 'abierto', '2025-04-18 10:53:00'),
(39, 8, 'media', 'cerrado', '2025-06-13 16:01:00'),
(40, 7, 'alta', 'abierto', '2025-06-23 08:05:00'),
(41, 7, 'baja', 'abierto', '2025-05-03 10:03:00'),
(42, 5, 'alta', 'abierto', '2025-02-28 15:20:00'),
(43, 6, 'baja', 'cerrado', '2025-04-12 12:48:00'),
(44, 7, 'alta', 'abierto', '2025-01-25 15:01:00'),
(45, 1, 'media', 'cerrado', '2025-04-04 11:41:00'),
(46, 2, 'baja', 'cerrado', '2025-06-20 08:48:00'),
(47, 1, 'baja', 'cerrado', '2025-02-25 08:39:00'),
(48, 3, 'media', 'abierto', '2025-05-06 18:07:00'),
(49, 4, 'baja', 'abierto', '2025-03-11 13:10:00'),
(50, 2, 'baja', 'cerrado', '2025-02-15 12:06:00');

-- ---------------------------------------------------------
-- GESTIONES (historial de acciones de cobranza por ticket)
-- ---------------------------------------------------------
INSERT INTO public.gestiones (ticket_id, canal, resultado, fecha_gestion, observaciones) VALUES
(1, 'llamada', 'pagado', '2025-06-06 14:25:00', 'Buzón de voz, se dejó mensaje con datos de contacto.'),
(1, 'correo', 'promesa_pago', '2025-06-10 18:15:00', 'Buzón de voz, se dejó mensaje con datos de contacto.'),
(1, 'llamada', 'pagado', '2025-07-04 09:50:00', 'Contacto exitoso, se explican condiciones de la deuda.'),
(2, 'llamada', 'pagado', '2025-05-26 18:23:00', 'Cliente solicita reprogramación de fecha de pago.'),
(2, 'llamada', 'pagado', '2025-01-13 15:06:00', 'Cliente solicita reprogramación de fecha de pago.'),
(2, 'carta_judicial', 'pagado', '2025-06-21 19:09:00', 'Cliente solicita reprogramación de fecha de pago.'),
(3, 'correo', 'pagado', '2025-06-16 15:29:00', 'Contacto exitoso, se explican condiciones de la deuda.'),
(3, 'carta_judicial', 'pagado', '2025-04-02 09:17:00', 'No se logró contacto, se reintentará en 48 horas.'),
(4, 'correo', 'rechazado', '2025-06-04 18:24:00', 'Contacto exitoso, se explican condiciones de la deuda.'),
(4, 'sms_whatsapp', 'contactado', '2025-05-16 10:31:00', 'Se envió comunicación formal solicitando regularización.'),
(5, 'sms_whatsapp', 'buzon_voz', '2025-04-07 17:44:00', 'Se envió comunicación formal solicitando regularización.'),
(6, 'llamada', 'no_contesta', '2025-01-31 19:26:00', 'No se logró contacto, se reintentará en 48 horas.'),
(6, 'carta_judicial', 'no_contesta', '2025-05-11 19:31:00', 'Buzón de voz, se dejó mensaje con datos de contacto.'),
(7, 'llamada', 'contactado', '2025-03-26 14:44:00', 'No se logró contacto, se reintentará en 48 horas.'),
(7, 'correo', 'buzon_voz', '2025-06-28 13:30:00', 'Contacto exitoso, se explican condiciones de la deuda.'),
(8, 'sms_whatsapp', 'pagado', '2025-05-30 13:44:00', 'Se envió comunicación formal solicitando regularización.'),
(8, 'carta_judicial', 'pagado', '2025-03-29 11:07:00', 'Se envió comunicación formal solicitando regularización.'),
(8, 'correo', 'pagado', '2025-02-09 16:48:00', 'Buzón de voz, se dejó mensaje con datos de contacto.'),
(9, 'correo', 'no_contesta', '2025-03-06 15:17:00', 'Buzón de voz, se dejó mensaje con datos de contacto.'),
(9, 'sms_whatsapp', 'contactado', '2025-02-28 11:23:00', 'Se envió comunicación formal solicitando regularización.'),
(9, 'correo', 'buzon_voz', '2025-01-13 16:08:00', 'Buzón de voz, se dejó mensaje con datos de contacto.'),
(10, 'llamada', 'promesa_pago', '2025-05-31 19:08:00', 'Se envió comunicación formal solicitando regularización.'),
(10, 'carta_judicial', 'promesa_pago', '2025-01-13 12:30:00', 'Contacto exitoso, se explican condiciones de la deuda.'),
(11, 'carta_judicial', 'pagado', '2025-02-26 12:55:00', 'Cliente indica que realizará el pago en los próximos días.'),
(11, 'carta_judicial', 'promesa_pago', '2025-01-26 15:04:00', 'Cliente solicita reprogramación de fecha de pago.'),
(12, 'llamada', 'promesa_pago', '2025-02-17 12:05:00', 'Contacto exitoso, se explican condiciones de la deuda.'),
(12, 'correo', 'promesa_pago', '2025-06-01 17:38:00', 'Cliente solicita reprogramación de fecha de pago.'),
(12, 'correo', 'pagado', '2025-05-05 12:55:00', 'Cliente solicita reprogramación de fecha de pago.'),
(13, 'carta_judicial', 'buzon_voz', '2025-06-04 08:39:00', 'Contacto exitoso, se explican condiciones de la deuda.'),
(13, 'llamada', 'no_contesta', '2025-06-19 12:42:00', 'No se logró contacto, se reintentará en 48 horas.'),
(13, 'llamada', 'no_contesta', '2025-03-12 16:04:00', 'No se logró contacto, se reintentará en 48 horas.'),
(14, 'llamada', 'rechazado', '2025-05-05 17:30:00', 'Buzón de voz, se dejó mensaje con datos de contacto.'),
(15, 'llamada', 'promesa_pago', '2025-03-24 12:44:00', 'Buzón de voz, se dejó mensaje con datos de contacto.'),
(15, 'carta_judicial', 'promesa_pago', '2025-07-04 12:50:00', 'No se logró contacto, se reintentará en 48 horas.'),
(16, 'correo', 'rechazado', '2025-02-08 11:41:00', 'Contacto exitoso, se explican condiciones de la deuda.'),
(16, 'correo', 'buzon_voz', '2025-02-15 08:10:00', 'Cliente indica que realizará el pago en los próximos días.'),
(16, 'sms_whatsapp', 'buzon_voz', '2025-05-02 15:44:00', 'Cliente indica que realizará el pago en los próximos días.'),
(17, 'carta_judicial', 'pagado', '2025-05-18 15:28:00', 'Contacto exitoso, se explican condiciones de la deuda.'),
(17, 'llamada', 'promesa_pago', '2025-04-30 13:38:00', 'Buzón de voz, se dejó mensaje con datos de contacto.'),
(18, 'llamada', 'promesa_pago', '2025-03-09 17:37:00', 'Buzón de voz, se dejó mensaje con datos de contacto.'),
(18, 'llamada', 'pagado', '2025-06-06 10:30:00', 'Cliente indica que realizará el pago en los próximos días.'),
(19, 'carta_judicial', 'pagado', '2025-02-25 14:40:00', 'Contacto exitoso, se explican condiciones de la deuda.'),
(19, 'carta_judicial', 'promesa_pago', '2025-05-10 14:21:00', 'Se envió comunicación formal solicitando regularización.'),
(19, 'sms_whatsapp', 'promesa_pago', '2025-02-20 14:44:00', 'Se envió comunicación formal solicitando regularización.'),
(20, 'sms_whatsapp', 'pagado', '2025-05-30 15:05:00', 'Cliente indica que realizará el pago en los próximos días.'),
(20, 'sms_whatsapp', 'pagado', '2025-04-02 14:55:00', 'Cliente indica que realizará el pago en los próximos días.'),
(21, 'llamada', 'rechazado', '2025-04-25 11:33:00', 'Cliente indica que realizará el pago en los próximos días.'),
(21, 'sms_whatsapp', 'rechazado', '2025-06-19 08:13:00', 'Cliente solicita reprogramación de fecha de pago.'),
(21, 'sms_whatsapp', 'no_contesta', '2025-03-24 19:31:00', 'Cliente solicita reprogramación de fecha de pago.'),
(22, 'llamada', 'promesa_pago', '2025-02-19 16:00:00', 'Se envió comunicación formal solicitando regularización.'),
(23, 'carta_judicial', 'promesa_pago', '2025-03-08 15:07:00', 'Cliente indica que realizará el pago en los próximos días.'),
(23, 'correo', 'pagado', '2025-03-25 19:17:00', 'Contacto exitoso, se explican condiciones de la deuda.'),
(23, 'carta_judicial', 'pagado', '2025-05-10 15:35:00', 'No se logró contacto, se reintentará en 48 horas.'),
(24, 'carta_judicial', 'promesa_pago', '2025-06-12 19:56:00', 'Contacto exitoso, se explican condiciones de la deuda.'),
(25, 'llamada', 'pagado', '2025-04-26 16:17:00', 'Se envió comunicación formal solicitando regularización.'),
(26, 'sms_whatsapp', 'pagado', '2025-06-09 18:31:00', 'Contacto exitoso, se explican condiciones de la deuda.'),
(27, 'carta_judicial', 'pagado', '2025-04-08 16:48:00', 'Se envió comunicación formal solicitando regularización.'),
(28, 'carta_judicial', 'pagado', '2025-04-02 19:15:00', 'No se logró contacto, se reintentará en 48 horas.'),
(28, 'carta_judicial', 'promesa_pago', '2025-04-25 13:47:00', 'Cliente indica que realizará el pago en los próximos días.'),
(28, 'carta_judicial', 'pagado', '2025-04-18 18:09:00', 'Buzón de voz, se dejó mensaje con datos de contacto.'),
(29, 'llamada', 'no_contesta', '2025-05-18 13:55:00', 'Contacto exitoso, se explican condiciones de la deuda.'),
(29, 'llamada', 'rechazado', '2025-02-04 15:00:00', 'Contacto exitoso, se explican condiciones de la deuda.'),
(30, 'correo', 'rechazado', '2025-06-26 09:30:00', 'No se logró contacto, se reintentará en 48 horas.'),
(30, 'sms_whatsapp', 'buzon_voz', '2025-06-18 14:41:00', 'Buzón de voz, se dejó mensaje con datos de contacto.'),
(30, 'llamada', 'buzon_voz', '2025-07-01 14:20:00', 'Contacto exitoso, se explican condiciones de la deuda.'),
(31, 'carta_judicial', 'contactado', '2025-06-17 11:40:00', 'Cliente indica que realizará el pago en los próximos días.'),
(31, 'sms_whatsapp', 'no_contesta', '2025-02-02 09:48:00', 'Cliente solicita reprogramación de fecha de pago.'),
(31, 'llamada', 'rechazado', '2025-02-21 12:57:00', 'Buzón de voz, se dejó mensaje con datos de contacto.'),
(32, 'llamada', 'buzon_voz', '2025-01-24 13:23:00', 'Se envió comunicación formal solicitando regularización.'),
(33, 'correo', 'no_contesta', '2025-05-25 17:43:00', 'Cliente solicita reprogramación de fecha de pago.'),
(33, 'correo', 'no_contesta', '2025-02-23 17:55:00', 'Cliente indica que realizará el pago en los próximos días.'),
(34, 'correo', 'pagado', '2025-06-08 11:29:00', 'No se logró contacto, se reintentará en 48 horas.'),
(34, 'sms_whatsapp', 'pagado', '2025-03-16 08:57:00', 'Buzón de voz, se dejó mensaje con datos de contacto.'),
(35, 'sms_whatsapp', 'promesa_pago', '2025-01-28 13:37:00', 'Cliente solicita reprogramación de fecha de pago.'),
(35, 'sms_whatsapp', 'pagado', '2025-03-15 12:12:00', 'Cliente solicita reprogramación de fecha de pago.'),
(36, 'carta_judicial', 'contactado', '2025-03-11 17:22:00', 'Cliente solicita reprogramación de fecha de pago.'),
(36, 'sms_whatsapp', 'buzon_voz', '2025-01-15 14:17:00', 'Buzón de voz, se dejó mensaje con datos de contacto.'),
(37, 'llamada', 'rechazado', '2025-03-24 17:51:00', 'No se logró contacto, se reintentará en 48 horas.'),
(38, 'correo', 'no_contesta', '2025-06-17 18:48:00', 'Se envió comunicación formal solicitando regularización.'),
(38, 'correo', 'contactado', '2025-06-19 08:19:00', 'Buzón de voz, se dejó mensaje con datos de contacto.'),
(39, 'llamada', 'pagado', '2025-02-12 12:20:00', 'Cliente indica que realizará el pago en los próximos días.'),
(39, 'carta_judicial', 'promesa_pago', '2025-03-02 16:56:00', 'No se logró contacto, se reintentará en 48 horas.'),
(40, 'sms_whatsapp', 'no_contesta', '2025-03-16 12:47:00', 'Cliente solicita reprogramación de fecha de pago.'),
(40, 'sms_whatsapp', 'contactado', '2025-05-09 10:48:00', 'Cliente indica que realizará el pago en los próximos días.'),
(41, 'carta_judicial', 'buzon_voz', '2025-02-02 08:16:00', 'Cliente solicita reprogramación de fecha de pago.'),
(42, 'llamada', 'rechazado', '2025-04-14 19:43:00', 'Buzón de voz, se dejó mensaje con datos de contacto.'),
(42, 'sms_whatsapp', 'rechazado', '2025-06-22 09:43:00', 'Se envió comunicación formal solicitando regularización.'),
(42, 'correo', 'rechazado', '2025-01-16 16:20:00', 'Contacto exitoso, se explican condiciones de la deuda.'),
(43, 'correo', 'promesa_pago', '2025-06-21 19:19:00', 'Cliente solicita reprogramación de fecha de pago.'),
(43, 'carta_judicial', 'promesa_pago', '2025-02-14 08:19:00', 'Cliente indica que realizará el pago en los próximos días.'),
(43, 'carta_judicial', 'promesa_pago', '2025-02-03 16:08:00', 'No se logró contacto, se reintentará en 48 horas.'),
(44, 'carta_judicial', 'buzon_voz', '2025-06-30 19:34:00', 'Buzón de voz, se dejó mensaje con datos de contacto.'),
(44, 'carta_judicial', 'no_contesta', '2025-04-26 09:53:00', 'Buzón de voz, se dejó mensaje con datos de contacto.'),
(45, 'carta_judicial', 'pagado', '2025-01-18 13:13:00', 'Buzón de voz, se dejó mensaje con datos de contacto.'),
(45, 'carta_judicial', 'pagado', '2025-03-11 09:43:00', 'Se envió comunicación formal solicitando regularización.'),
(46, 'sms_whatsapp', 'promesa_pago', '2025-04-21 11:07:00', 'Se envió comunicación formal solicitando regularización.'),
(46, 'carta_judicial', 'promesa_pago', '2025-06-28 18:40:00', 'No se logró contacto, se reintentará en 48 horas.'),
(47, 'llamada', 'promesa_pago', '2025-04-05 10:50:00', 'No se logró contacto, se reintentará en 48 horas.'),
(47, 'correo', 'promesa_pago', '2025-05-31 17:13:00', 'No se logró contacto, se reintentará en 48 horas.'),
(47, 'correo', 'pagado', '2025-02-16 08:17:00', 'Contacto exitoso, se explican condiciones de la deuda.'),
(48, 'correo', 'buzon_voz', '2025-02-23 18:55:00', 'Cliente indica que realizará el pago en los próximos días.'),
(49, 'correo', 'contactado', '2025-04-11 17:20:00', 'No se logró contacto, se reintentará en 48 horas.'),
(50, 'correo', 'pagado', '2025-01-23 19:26:00', 'No se logró contacto, se reintentará en 48 horas.');

COMMIT;

-- ---------------------------------------------------------
-- Sincronización de secuencias tras la carga manual de datos
-- ---------------------------------------------------------
SELECT setval('public.deudas_id_seq', (SELECT MAX(id) FROM public.deudas));
SELECT setval('public.operadores_id_seq', (SELECT MAX(id) FROM public.operadores));
SELECT setval('public.tickets_id_seq', (SELECT MAX(id) FROM public.tickets));
SELECT setval('public.gestiones_id_seq', (SELECT MAX(id) FROM public.gestiones));